ID,Phylum
MAASV3004,Unassigned
MAASV1567,Unassigned
MAASV2384,Unassigned
SASV1222,Unassigned
SASV1440,Unassigned
SASV1816,Unassigned
SASV2007,Unassigned
SASV2194,Unassigned
SASV2542,Unassigned
MAASV4,Proteobacteria
MAASV18,Proteobacteria
MAASV27,Proteobacteria
MAASV34,Proteobacteria
MAASV12,Proteobacteria
MAASV38,Proteobacteria
MAASV64,Proteobacteria
MAASV40,Proteobacteria
MAASV93,Proteobacteria
MAASV35,Proteobacteria
MAASV82,Proteobacteria
MAASV2,Proteobacteria
MAASV90,Proteobacteria
MAASV151,Proteobacteria
MAASV143,Proteobacteria
MAASV120,Proteobacteria
MAASV172,Proteobacteria
MAASV28,Proteobacteria
MAASV161,Proteobacteria
MAASV57,Proteobacteria
MAASV121,Proteobacteria
MAASV164,Proteobacteria
MAASV108,Proteobacteria
MAASV129,Proteobacteria
MAASV140,Proteobacteria
MAASV184,Proteobacteria
MAASV106,Proteobacteria
MAASV171,Proteobacteria
MAASV102,Proteobacteria
MAASV242,Proteobacteria
MAASV138,Proteobacteria
MAASV173,Proteobacteria
MAASV191,Proteobacteria
MAASV301,Proteobacteria
MAASV207,Proteobacteria
MAASV58,Proteobacteria
MAASV190,Proteobacteria
MAASV181,Proteobacteria
MAASV158,Proteobacteria
MAASV354,Proteobacteria
MAASV249,Proteobacteria
MAASV223,Proteobacteria
MAASV252,Proteobacteria
MAASV196,Proteobacteria
MAASV365,Proteobacteria
MAASV360,Proteobacteria
MAASV206,Proteobacteria
MAASV128,Proteobacteria
MAASV271,Proteobacteria
MAASV282,Proteobacteria
MAASV110,Proteobacteria
MAASV455,Proteobacteria
MAASV131,Proteobacteria
MAASV73,Proteobacteria
MAASV372,Proteobacteria
MAASV315,Proteobacteria
MAASV241,Proteobacteria
MAASV329,Proteobacteria
MAASV193,Proteobacteria
MAASV411,Proteobacteria
MAASV453,Proteobacteria
MAASV500,Proteobacteria
MAASV256,Proteobacteria
MAASV346,Proteobacteria
MAASV511,Proteobacteria
MAASV235,Proteobacteria
MAASV168,Proteobacteria
MAASV471,Proteobacteria
MAASV546,Proteobacteria
MAASV163,Proteobacteria
MAASV325,Proteobacteria
MAASV323,Proteobacteria
MAASV475,Proteobacteria
MAASV569,Proteobacteria
MAASV292,Proteobacteria
MAASV487,Proteobacteria
MAASV245,Proteobacteria
MAASV508,Proteobacteria
MAASV72,Proteobacteria
MAASV536,Proteobacteria
MAASV16,Proteobacteria
MAASV424,Proteobacteria
MAASV215,Proteobacteria
MAASV594,Proteobacteria
MAASV157,Proteobacteria
MAASV557,Proteobacteria
MAASV342,Proteobacteria
MAASV210,Proteobacteria
MAASV484,Proteobacteria
MAASV619,Proteobacteria
MAASV302,Proteobacteria
MAASV629,Proteobacteria
MAASV319,Proteobacteria
MAASV507,Proteobacteria
MAASV653,Proteobacteria
MAASV533,Proteobacteria
MAASV304,Proteobacteria
MAASV236,Proteobacteria
MAASV217,Proteobacteria
MAASV693,Proteobacteria
MAASV691,Proteobacteria
MAASV423,Proteobacteria
MAASV560,Proteobacteria
MAASV278,Proteobacteria
MAASV703,Proteobacteria
MAASV488,Proteobacteria
MAASV402,Proteobacteria
MAASV417,Proteobacteria
MAASV751,Proteobacteria
MAASV772,Proteobacteria
MAASV771,Proteobacteria
MAASV441,Proteobacteria
MAASV580,Proteobacteria
MAASV787,Proteobacteria
MAASV794,Proteobacteria
MAASV812,Proteobacteria
MAASV814,Proteobacteria
MAASV575,Proteobacteria
MAASV854,Proteobacteria
MAASV852,Proteobacteria
MAASV272,Proteobacteria
MAASV107,Proteobacteria
MAASV856,Proteobacteria
MAASV883,Proteobacteria
MAASV879,Proteobacteria
MAASV897,Proteobacteria
MAASV904,Proteobacteria
MAASV929,Proteobacteria
MAASV970,Proteobacteria
MAASV824,Proteobacteria
MAASV961,Proteobacteria
MAASV972,Proteobacteria
MAASV958,Proteobacteria
MAASV743,Proteobacteria
MAASV999,Proteobacteria
MAASV522,Proteobacteria
MAASV376,Proteobacteria
MAASV781,Proteobacteria
MAASV549,Proteobacteria
MAASV1042,Proteobacteria
MAASV159,Proteobacteria
MAASV449,Proteobacteria
MAASV731,Proteobacteria
MAASV578,Proteobacteria
MAASV634,Proteobacteria
MAASV1044,Proteobacteria
MAASV1046,Proteobacteria
MAASV673,Proteobacteria
MAASV1063,Proteobacteria
MAASV1065,Proteobacteria
MAASV1092,Proteobacteria
MAASV1130,Proteobacteria
MAASV1185,Proteobacteria
MAASV940,Proteobacteria
MAASV851,Proteobacteria
MAASV872,Proteobacteria
MAASV1206,Proteobacteria
MAASV1182,Proteobacteria
MAASV1256,Proteobacteria
MAASV444,Proteobacteria
MAASV1241,Proteobacteria
MAASV1319,Proteobacteria
MAASV1314,Proteobacteria
MAASV1318,Proteobacteria
MAASV1329,Proteobacteria
MAASV1398,Proteobacteria
MAASV1417,Proteobacteria
MAASV1388,Proteobacteria
MAASV672,Proteobacteria
MAASV1428,Proteobacteria
MAASV1383,Proteobacteria
MAASV313,Proteobacteria
MAASV1386,Proteobacteria
MAASV1472,Proteobacteria
MAASV1499,Proteobacteria
MAASV1612,Proteobacteria
MAASV1582,Proteobacteria
MAASV298,Proteobacteria
MAASV1570,Proteobacteria
MAASV1568,Proteobacteria
MAASV1574,Proteobacteria
MAASV1569,Proteobacteria
MAASV1580,Proteobacteria
MAASV1618,Proteobacteria
MAASV1607,Proteobacteria
MAASV1686,Proteobacteria
MAASV1728,Proteobacteria
MAASV1691,Proteobacteria
MAASV1747,Proteobacteria
MAASV1702,Proteobacteria
MAASV1757,Proteobacteria
MAASV1723,Proteobacteria
MAASV1718,Proteobacteria
MAASV1699,Proteobacteria
MAASV1758,Proteobacteria
MAASV1840,Proteobacteria
MAASV1846,Proteobacteria
MAASV1899,Proteobacteria
MAASV1850,Proteobacteria
MAASV613,Proteobacteria
MAASV2047,Proteobacteria
MAASV2148,Proteobacteria
MAASV291,Proteobacteria
MAASV2165,Proteobacteria
MAASV502,Proteobacteria
MAASV2079,Proteobacteria
MAASV2417,Proteobacteria
MAASV2355,Proteobacteria
MAASV2411,Proteobacteria
MAASV2342,Proteobacteria
MAASV2450,Proteobacteria
MAASV2350,Proteobacteria
MAASV2517,Proteobacteria
MAASV2455,Proteobacteria
MAASV2490,Proteobacteria
MAASV3001,Proteobacteria
MAASV2914,Proteobacteria
MAASV2798,Proteobacteria
MAASV3088,Proteobacteria
MAASV3055,Proteobacteria
MAASV2804,Proteobacteria
MAASV3040,Proteobacteria
MAASV3067,Proteobacteria
SASV2,Proteobacteria
SASV4,Proteobacteria
SASV13,Proteobacteria
SASV16,Proteobacteria
SASV12,Proteobacteria
SASV28,Proteobacteria
SASV18,Proteobacteria
SASV47,Proteobacteria
SASV84,Proteobacteria
SASV72,Proteobacteria
SASV35,Proteobacteria
SASV58,Proteobacteria
SASV116,Proteobacteria
SASV57,Proteobacteria
SASV107,Proteobacteria
SASV40,Proteobacteria
SASV134,Proteobacteria
SASV38,Proteobacteria
SASV110,Proteobacteria
SASV159,Proteobacteria
SASV180,Proteobacteria
SASV34,Proteobacteria
SASV102,Proteobacteria
SASV131,Proteobacteria
SASV128,Proteobacteria
SASV157,Proteobacteria
SASV106,Proteobacteria
SASV163,Proteobacteria
SASV168,Proteobacteria
SASV82,Proteobacteria
SASV231,Proteobacteria
SASV64,Proteobacteria
SASV90,Proteobacteria
SASV274,Proteobacteria
SASV193,Proteobacteria
SASV279,Proteobacteria
SASV210,Proteobacteria
SASV217,Proteobacteria
SASV215,Proteobacteria
SASV121,Proteobacteria
SASV291,Proteobacteria
SASV236,Proteobacteria
SASV318,Proteobacteria
SASV298,Proteobacteria
SASV272,Proteobacteria
SASV196,Proteobacteria
SASV129,Proteobacteria
SASV341,Proteobacteria
SASV140,Proteobacteria
SASV313,Proteobacteria
SASV345,Proteobacteria
SASV245,Proteobacteria
SASV235,Proteobacteria
SASV206,Proteobacteria
SASV367,Proteobacteria
SASV278,Proteobacteria
SASV173,Proteobacteria
SASV149,Proteobacteria
SASV190,Proteobacteria
SASV93,Proteobacteria
SASV171,Proteobacteria
SASV241,Proteobacteria
SASV191,Proteobacteria
SASV304,Proteobacteria
SASV440,Proteobacteria
SASV223,Proteobacteria
SASV302,Proteobacteria
SASV292,Proteobacteria
SASV280,Proteobacteria
SASV376,Proteobacteria
SASV474,Proteobacteria
SASV492,Proteobacteria
SASV444,Proteobacteria
SASV501,Proteobacteria
SASV164,Proteobacteria
SASV207,Proteobacteria
SASV271,Proteobacteria
SASV252,Proteobacteria
SASV342,Proteobacteria
SASV527,Proteobacteria
SASV449,Proteobacteria
SASV502,Proteobacteria
SASV325,Proteobacteria
SASV402,Proteobacteria
SASV275,Proteobacteria
SASV249,Proteobacteria
SASV417,Proteobacteria
SASV441,Proteobacteria
SASV143,Proteobacteria
SASV423,Proteobacteria
SASV612,Proteobacteria
SASV161,Proteobacteria
SASV622,Proteobacteria
SASV419,Proteobacteria
SASV315,Proteobacteria
SASV666,Proteobacteria
SASV665,Proteobacteria
SASV663,Proteobacteria
SASV329,Proteobacteria
SASV676,Proteobacteria
SASV613,Proteobacteria
SASV682,Proteobacteria
SASV549,Proteobacteria
SASV746,Proteobacteria
SASV740,Proteobacteria
SASV424,Proteobacteria
SASV578,Proteobacteria
SASV577,Proteobacteria
SASV844,Proteobacteria
SASV242,Proteobacteria
SASV842,Proteobacteria
SASV672,Proteobacteria
SASV172,Proteobacteria
SASV868,Proteobacteria
SASV862,Proteobacteria
SASV575,Proteobacteria
SASV634,Proteobacteria
SASV428,Proteobacteria
SASV936,Proteobacteria
SASV946,Proteobacteria
SASV372,Proteobacteria
SASV988,Proteobacteria
SASV985,Proteobacteria
SASV673,Proteobacteria
SASV580,Proteobacteria
SASV1022,Proteobacteria
SASV411,Proteobacteria
SASV1080,Proteobacteria
SASV507,Proteobacteria
SASV471,Proteobacteria
SASV560,Proteobacteria
SASV1153,Proteobacteria
SASV360,Proteobacteria
SASV1162,Proteobacteria
SASV487,Proteobacteria
SASV1208,Proteobacteria
SASV1230,Proteobacteria
SASV1234,Proteobacteria
SASV1219,Proteobacteria
SASV1266,Proteobacteria
SASV732,Proteobacteria
SASV1269,Proteobacteria
SASV1267,Proteobacteria
SASV1290,Proteobacteria
SASV1276,Proteobacteria
SASV1341,Proteobacteria
SASV1342,Proteobacteria
SASV1355,Proteobacteria
SASV851,Proteobacteria
SASV1340,Proteobacteria
SASV1353,Proteobacteria
SASV1433,Proteobacteria
SASV508,Proteobacteria
SASV1464,Proteobacteria
SASV1467,Proteobacteria
SASV743,Proteobacteria
SASV1513,Proteobacteria
SASV1546,Proteobacteria
SASV1516,Proteobacteria
SASV1517,Proteobacteria
SASV781,Proteobacteria
SASV1515,Proteobacteria
SASV1633,Proteobacteria
SASV1628,Proteobacteria
SASV795,Proteobacteria
SASV1631,Proteobacteria
SASV1653,Proteobacteria
SASV1830,Proteobacteria
SASV1782,Proteobacteria
SASV1835,Proteobacteria
SASV940,Proteobacteria
SASV1775,Proteobacteria
SASV1774,Proteobacteria
SASV1802,Proteobacteria
SASV1777,Proteobacteria
SASV1836,Proteobacteria
SASV1965,Proteobacteria
SASV1931,Proteobacteria
SASV1953,Proteobacteria
SASV824,Proteobacteria
SASV2016,Proteobacteria
SASV1990,Proteobacteria
SASV2025,Proteobacteria
SASV557,Proteobacteria
SASV2017,Proteobacteria
SASV1977,Proteobacteria
SASV2172,Proteobacteria
SASV2198,Proteobacteria
SASV2208,Proteobacteria
SASV2251,Proteobacteria
SASV2269,Proteobacteria
SASV2297,Proteobacteria
SASV2304,Proteobacteria
SASV2328,Proteobacteria
SASV2544,Proteobacteria
SASV2622,Proteobacteria
SASV2580,Proteobacteria
SASV1367,Proteobacteria
SASV2636,Proteobacteria
SASV2598,Proteobacteria
SASV2545,Proteobacteria
HASV7,Proteobacteria
HASV28,Proteobacteria
HASV795,Proteobacteria
HASV820,Proteobacteria
HASV4821,Proteobacteria
HASV5180,Proteobacteria
HASV1104,Proteobacteria
HASV5170,Proteobacteria
HASV5142,Proteobacteria
HASV1413,Proteobacteria
HASV4818,Proteobacteria
HASV5223,Proteobacteria
HASV4937,Proteobacteria
HASV5132,Proteobacteria
HASV5173,Proteobacteria
HASV1197,Proteobacteria
HASV4748,Proteobacteria
HASV5148,Proteobacteria
HASV5149,Proteobacteria
HASV5140,Proteobacteria
HASV5147,Proteobacteria
HASV5150,Proteobacteria
HASV5200,Proteobacteria
HASV5212,Proteobacteria
HASV2243,Proteobacteria
HASV2397,Proteobacteria
HASV4960,Proteobacteria
HASV5162,Proteobacteria
HASV5184,Proteobacteria
HASV5208,Proteobacteria
MAASV1914,Gemmatimonadota
MAASV1,Firmicutes
MAASV11,Firmicutes
MAASV10,Firmicutes
MAASV5,Firmicutes
MAASV29,Firmicutes
MAASV9,Firmicutes
MAASV43,Firmicutes
MAASV32,Firmicutes
MAASV23,Firmicutes
MAASV30,Firmicutes
MAASV55,Firmicutes
MAASV25,Firmicutes
MAASV17,Firmicutes
MAASV14,Firmicutes
MAASV50,Firmicutes
MAASV70,Firmicutes
MAASV68,Firmicutes
MAASV42,Firmicutes
MAASV53,Firmicutes
MAASV26,Firmicutes
MAASV46,Firmicutes
MAASV31,Firmicutes
MAASV186,Firmicutes
MAASV81,Firmicutes
MAASV41,Firmicutes
MAASV54,Firmicutes
MAASV99,Firmicutes
MAASV216,Firmicutes
MAASV338,Firmicutes
MAASV52,Firmicutes
MAASV49,Firmicutes
MAASV251,Firmicutes
MAASV56,Firmicutes
MAASV133,Firmicutes
MAASV237,Firmicutes
MAASV208,Firmicutes
MAASV33,Firmicutes
MAASV226,Firmicutes
MAASV410,Firmicutes
MAASV350,Firmicutes
MAASV250,Firmicutes
MAASV361,Firmicutes
MAASV620,Firmicutes
MAASV79,Firmicutes
MAASV454,Firmicutes
MAASV496,Firmicutes
MAASV317,Firmicutes
MAASV707,Firmicutes
MAASV368,Firmicutes
MAASV541,Firmicutes
MAASV737,Firmicutes
MAASV758,Firmicutes
MAASV398,Firmicutes
MAASV804,Firmicutes
MAASV831,Firmicutes
MAASV599,Firmicutes
MAASV584,Firmicutes
MAASV882,Firmicutes
MAASV538,Firmicutes
MAASV932,Firmicutes
MAASV933,Firmicutes
MAASV931,Firmicutes
MAASV1045,Firmicutes
MAASV769,Firmicutes
MAASV1061,Firmicutes
MAASV1071,Firmicutes
MAASV408,Firmicutes
MAASV728,Firmicutes
MAASV725,Firmicutes
MAASV1109,Firmicutes
MAASV1131,Firmicutes
MAASV1264,Firmicutes
MAASV1259,Firmicutes
MAASV1257,Firmicutes
MAASV1261,Firmicutes
MAASV1260,Firmicutes
MAASV1335,Firmicutes
MAASV1304,Firmicutes
MAASV1384,Firmicutes
MAASV1429,Firmicutes
MAASV1502,Firmicutes
MAASV1501,Firmicutes
MAASV1505,Firmicutes
MAASV1015,Firmicutes
MAASV954,Firmicutes
MAASV1571,Firmicutes
MAASV1614,Firmicutes
MAASV1608,Firmicutes
MAASV1619,Firmicutes
MAASV1616,Firmicutes
MAASV849,Firmicutes
MAASV1678,Firmicutes
MAASV1696,Firmicutes
MAASV1762,Firmicutes
MAASV1725,Firmicutes
MAASV1683,Firmicutes
MAASV1917,Firmicutes
MAASV2135,Firmicutes
MAASV2130,Firmicutes
MAASV2157,Firmicutes
MAASV2097,Firmicutes
MAASV2146,Firmicutes
MAASV2418,Firmicutes
MAASV2492,Firmicutes
MAASV2394,Firmicutes
MAASV2498,Firmicutes
MAASV2338,Firmicutes
MAASV2508,Firmicutes
MAASV2472,Firmicutes
MAASV2994,Firmicutes
MAASV2782,Firmicutes
MAASV2937,Firmicutes
MAASV2796,Firmicutes
MAASV3036,Firmicutes
MAASV2926,Firmicutes
MAASV2809,Firmicutes
MAASV3057,Firmicutes
SASV1,Firmicutes
SASV5,Firmicutes
SASV9,Firmicutes
SASV14,Firmicutes
SASV17,Firmicutes
SASV10,Firmicutes
SASV11,Firmicutes
SASV26,Firmicutes
SASV31,Firmicutes
SASV33,Firmicutes
SASV25,Firmicutes
SASV23,Firmicutes
SASV49,Firmicutes
SASV56,Firmicutes
SASV30,Firmicutes
SASV79,Firmicutes
SASV67,Firmicutes
SASV46,Firmicutes
SASV32,Firmicutes
SASV42,Firmicutes
SASV53,Firmicutes
SASV81,Firmicutes
SASV98,Firmicutes
SASV68,Firmicutes
SASV133,Firmicutes
SASV70,Firmicutes
SASV214,Firmicutes
SASV91,Firmicutes
SASV247,Firmicutes
SASV147,Firmicutes
SASV55,Firmicutes
SASV92,Firmicutes
SASV43,Firmicutes
SASV254,Firmicutes
SASV145,Firmicutes
SASV208,Firmicutes
SASV226,Firmicutes
SASV250,Firmicutes
SASV29,Firmicutes
SASV167,Firmicutes
SASV224,Firmicutes
SASV237,Firmicutes
SASV317,Firmicutes
SASV447,Firmicutes
SASV408,Firmicutes
SASV216,Firmicutes
SASV368,Firmicutes
SASV251,Firmicutes
SASV361,Firmicutes
SASV565,Firmicutes
SASV186,Firmicutes
SASV600,Firmicutes
SASV350,Firmicutes
SASV644,Firmicutes
SASV454,Firmicutes
SASV699,Firmicutes
SASV712,Firmicutes
SASV801,Firmicutes
SASV496,Firmicutes
SASV826,Firmicutes
SASV825,Firmicutes
SASV865,Firmicutes
SASV584,Firmicutes
SASV952,Firmicutes
SASV947,Firmicutes
SASV410,Firmicutes
SASV562,Firmicutes
SASV849,Firmicutes
SASV728,Firmicutes
SASV725,Firmicutes
SASV551,Firmicutes
SASV954,Firmicutes
SASV769,Firmicutes
SASV1454,Firmicutes
SASV1443,Firmicutes
SASV1432,Firmicutes
SASV1541,Firmicutes
SASV1529,Firmicutes
SASV1015,Firmicutes
SASV649,Firmicutes
SASV1675,Firmicutes
SASV1637,Firmicutes
SASV1658,Firmicutes
SASV1657,Firmicutes
SASV1677,Firmicutes
SASV1647,Firmicutes
SASV1806,Firmicutes
SASV1770,Firmicutes
SASV1783,Firmicutes
SASV1826,Firmicutes
SASV2001,Firmicutes
SASV2008,Firmicutes
SASV1999,Firmicutes
SASV1970,Firmicutes
SASV2013,Firmicutes
SASV1998,Firmicutes
SASV2183,Firmicutes
SASV2263,Firmicutes
SASV2238,Firmicutes
SASV2218,Firmicutes
SASV2298,Firmicutes
SASV2752,Firmicutes
SASV2605,Firmicutes
SASV2578,Firmicutes
SASV2764,Firmicutes
SASV2698,Firmicutes
SASV2637,Firmicutes
SASV2585,Firmicutes
SASV2693,Firmicutes
SASV2618,Firmicutes
SASV2711,Firmicutes
HASV19,Firmicutes
HASV29,Firmicutes
HASV73,Firmicutes
HASV84,Firmicutes
HASV3903,Firmicutes
HASV145,Firmicutes
HASV144,Firmicutes
HASV210,Firmicutes
HASV497,Firmicutes
HASV220,Firmicutes
HASV286,Firmicutes
HASV393,Firmicutes
HASV533,Firmicutes
HASV548,Firmicutes
HASV241,Firmicutes
HASV256,Firmicutes
HASV3953,Firmicutes
HASV283,Firmicutes
HASV525,Firmicutes
HASV276,Firmicutes
HASV5082,Firmicutes
HASV4116,Firmicutes
HASV364,Firmicutes
HASV919,Firmicutes
HASV3932,Firmicutes
HASV968,Firmicutes
HASV1270,Firmicutes
HASV476,Firmicutes
HASV4209,Firmicutes
HASV501,Firmicutes
HASV581,Firmicutes
HASV572,Firmicutes
HASV4826,Firmicutes
HASV962,Firmicutes
HASV1561,Firmicutes
HASV897,Firmicutes
HASV517,Firmicutes
HASV1224,Firmicutes
HASV475,Firmicutes
HASV984,Firmicutes
HASV1113,Firmicutes
HASV740,Firmicutes
HASV629,Firmicutes
HASV5372,Firmicutes
HASV660,Firmicutes
HASV1532,Firmicutes
HASV2169,Firmicutes
HASV994,Firmicutes
HASV1074,Firmicutes
HASV5135,Firmicutes
HASV5697,Firmicutes
HASV882,Firmicutes
HASV896,Firmicutes
HASV738,Firmicutes
HASV1494,Firmicutes
HASV5230,Firmicutes
HASV4119,Firmicutes
HASV5439,Firmicutes
HASV704,Firmicutes
HASV4910,Firmicutes
HASV5072,Firmicutes
HASV1232,Firmicutes
HASV4961,Firmicutes
HASV5069,Firmicutes
HASV6688,Firmicutes
HASV678,Firmicutes
HASV718,Firmicutes
HASV8366,Firmicutes
HASV1588,Firmicutes
HASV5217,Firmicutes
HASV5437,Firmicutes
HASV1514,Firmicutes
HASV3599,Firmicutes
HASV4305,Firmicutes
HASV4601,Firmicutes
HASV4717,Firmicutes
HASV5060,Firmicutes
HASV5065,Firmicutes
HASV5363,Firmicutes
HASV5497,Firmicutes
HASV5502,Firmicutes
HASV9517,Firmicutes
HASV1411,Firmicutes
HASV1746,Firmicutes
HASV4038,Firmicutes
HASV4834,Firmicutes
HASV5084,Firmicutes
HASV5286,Firmicutes
HASV1076,Firmicutes
HASV1278,Firmicutes
HASV1787,Firmicutes
HASV4336,Firmicutes
HASV4870,Firmicutes
HASV4935,Firmicutes
HASV5194,Firmicutes
HASV5220,Firmicutes
HASV5247,Firmicutes
HASV5624,Firmicutes
HASV5707,Firmicutes
HASV6501,Firmicutes
HASV1265,Firmicutes
HASV1517,Firmicutes
HASV1664,Firmicutes
HASV1931,Firmicutes
HASV4447,Firmicutes
HASV4825,Firmicutes
HASV5076,Firmicutes
HASV5270,Firmicutes
HASV5499,Firmicutes
HASV5719,Firmicutes
HASV5974,Firmicutes
HASV6051,Firmicutes
HASV7180,Firmicutes
HASV8037,Firmicutes
HASV8457,Firmicutes
HASV1011,Firmicutes
HASV1025,Firmicutes
HASV1274,Firmicutes
HASV1324,Firmicutes
HASV1595,Firmicutes
HASV1666,Firmicutes
HASV2079,Firmicutes
HASV2149,Firmicutes
HASV2789,Firmicutes
HASV4489,Firmicutes
HASV4803,Firmicutes
HASV4886,Firmicutes
HASV4942,Firmicutes
HASV4949,Firmicutes
HASV4952,Firmicutes
HASV4969,Firmicutes
HASV4970,Firmicutes
HASV5052,Firmicutes
HASV5077,Firmicutes
HASV5122,Firmicutes
HASV5126,Firmicutes
HASV5249,Firmicutes
HASV5617,Firmicutes
HASV5661,Firmicutes
HASV5711,Firmicutes
HASV7976,Firmicutes
HASV900,Firmicutes
HASV1048,Firmicutes
HASV1068,Firmicutes
HASV1123,Firmicutes
HASV1254,Firmicutes
HASV1309,Firmicutes
HASV2311,Firmicutes
HASV2540,Firmicutes
HASV2799,Firmicutes
HASV3252,Firmicutes
HASV4234,Firmicutes
HASV4816,Firmicutes
HASV4830,Firmicutes
HASV4835,Firmicutes
HASV4840,Firmicutes
HASV4874,Firmicutes
HASV4882,Firmicutes
HASV4889,Firmicutes
HASV4923,Firmicutes
HASV4963,Firmicutes
HASV4975,Firmicutes
HASV4996,Firmicutes
HASV4999,Firmicutes
HASV5007,Firmicutes
HASV5051,Firmicutes
HASV5055,Firmicutes
HASV5075,Firmicutes
HASV5182,Firmicutes
HASV5216,Firmicutes
HASV5226,Firmicutes
HASV5284,Firmicutes
HASV5290,Firmicutes
HASV5556,Firmicutes
HASV5585,Firmicutes
HASV5598,Firmicutes
HASV5619,Firmicutes
HASV5796,Firmicutes
HASV5866,Firmicutes
HASV6091,Firmicutes
HASV6375,Firmicutes
HASV6623,Firmicutes
HASV6879,Firmicutes
HASV7042,Firmicutes
HASV7157,Firmicutes
HASV7177,Firmicutes
HASV7656,Firmicutes
HASV7908,Firmicutes
HASV7928,Firmicutes
HASV8106,Firmicutes
HASV8432,Firmicutes
HASV8477,Firmicutes
HASV8480,Firmicutes
HASV9481,Firmicutes
HASV9592,Firmicutes
HASV1176,Firmicutes
HASV1317,Firmicutes
HASV1360,Firmicutes
HASV1437,Firmicutes
HASV1467,Firmicutes
HASV1653,Firmicutes
HASV1654,Firmicutes
HASV2093,Firmicutes
HASV2153,Firmicutes
HASV2196,Firmicutes
HASV2330,Firmicutes
HASV2673,Firmicutes
HASV3162,Firmicutes
HASV4146,Firmicutes
HASV4323,Firmicutes
HASV4436,Firmicutes
HASV4576,Firmicutes
HASV4739,Firmicutes
HASV4797,Firmicutes
HASV4829,Firmicutes
HASV4878,Firmicutes
HASV4912,Firmicutes
HASV4918,Firmicutes
HASV4919,Firmicutes
HASV4950,Firmicutes
HASV4951,Firmicutes
HASV5049,Firmicutes
HASV5054,Firmicutes
HASV5068,Firmicutes
HASV5083,Firmicutes
HASV5096,Firmicutes
HASV5116,Firmicutes
HASV5123,Firmicutes
HASV5144,Firmicutes
HASV5155,Firmicutes
HASV5161,Firmicutes
HASV5164,Firmicutes
HASV5221,Firmicutes
HASV5245,Firmicutes
HASV5273,Firmicutes
HASV5345,Firmicutes
HASV5364,Firmicutes
HASV5388,Firmicutes
HASV5407,Firmicutes
HASV5479,Firmicutes
HASV5485,Firmicutes
HASV5555,Firmicutes
HASV5568,Firmicutes
HASV5660,Firmicutes
HASV5702,Firmicutes
HASV5741,Firmicutes
HASV5844,Firmicutes
HASV5845,Firmicutes
HASV5870,Firmicutes
HASV6127,Firmicutes
HASV6159,Firmicutes
HASV6176,Firmicutes
HASV6195,Firmicutes
HASV6383,Firmicutes
HASV6582,Firmicutes
HASV6822,Firmicutes
HASV7100,Firmicutes
HASV7139,Firmicutes
HASV7153,Firmicutes
HASV7209,Firmicutes
HASV7422,Firmicutes
HASV8140,Firmicutes
HASV8405,Firmicutes
HASV8434,Firmicutes
HASV9496,Firmicutes
HASV9992,Firmicutes
MASV16,Firmicutes
MASV17,Firmicutes
MASV36,Firmicutes
MASV53,Firmicutes
MASV374,Firmicutes
MASV3434,Firmicutes
MASV208,Firmicutes
MASV234,Firmicutes
MASV289,Firmicutes
MASV677,Firmicutes
MASV382,Firmicutes
MASV3460,Firmicutes
MASV3508,Firmicutes
MASV325,Firmicutes
MASV3489,Firmicutes
MASV350,Firmicutes
MASV309,Firmicutes
MASV287,Firmicutes
MASV332,Firmicutes
MASV527,Firmicutes
MASV448,Firmicutes
MASV1132,Firmicutes
MASV3552,Firmicutes
MASV3502,Firmicutes
MASV3701,Firmicutes
MASV3556,Firmicutes
MASV902,Firmicutes
MASV1298,Firmicutes
MASV1186,Firmicutes
MASV403,Firmicutes
MASV839,Firmicutes
MASV4764,Firmicutes
MASV3524,Firmicutes
MASV921,Firmicutes
MASV1439,Firmicutes
MASV498,Firmicutes
MASV3600,Firmicutes
MASV3766,Firmicutes
MASV607,Firmicutes
MASV4985,Firmicutes
MASV1382,Firmicutes
MASV3712,Firmicutes
MASV552,Firmicutes
MASV3546,Firmicutes
MASV958,Firmicutes
MASV1109,Firmicutes
MASV4530,Firmicutes
MASV4781,Firmicutes
MASV705,Firmicutes
MASV700,Firmicutes
MASV767,Firmicutes
MASV3975,Firmicutes
MASV795,Firmicutes
MASV3636,Firmicutes
MASV5356,Firmicutes
MASV712,Firmicutes
MASV1689,Firmicutes
MASV894,Firmicutes
MASV897,Firmicutes
MASV1143,Firmicutes
MASV4947,Firmicutes
MASV6103,Firmicutes
MASV1122,Firmicutes
MASV6086,Firmicutes
MASV9531,Firmicutes
MASV5407,Firmicutes
MASV7186,Firmicutes
MASV1564,Firmicutes
MASV3943,Firmicutes
MASV5081,Firmicutes
MASV1306,Firmicutes
MASV6081,Firmicutes
MASV1299,Firmicutes
MASV6177,Firmicutes
MASV1318,Firmicutes
MASV1718,Firmicutes
MASV1876,Firmicutes
MASV5480,Firmicutes
MASV1459,Firmicutes
MASV4291,Firmicutes
MASV3782,Firmicutes
MASV4281,Firmicutes
MASV5856,Firmicutes
MASV1967,Firmicutes
MASV4674,Firmicutes
MASV7538,Firmicutes
MASV8930,Firmicutes
MASV4552,Firmicutes
MASV8397,Firmicutes
MASV10061,Firmicutes
MASV2242,Firmicutes
MASV5260,Firmicutes
MASV5542,Firmicutes
MASV9104,Firmicutes
MASV4533,Firmicutes
MASV6382,Firmicutes
MASV1174,Firmicutes
MASV4923,Firmicutes
MASV7816,Firmicutes
MASV7861,Firmicutes
MASV1512,Firmicutes
MASV11120,Firmicutes
MASV2418,Firmicutes
MASV6867,Firmicutes
MASV4335,Firmicutes
MASV5127,Firmicutes
MASV4066,Firmicutes
MASV22464,Firmicutes
HASV564,Desulfobacterota
MAASV2443,Crenarchaeota
MAASV2895,Crenarchaeota
SASV2715,Crenarchaeota
SASV1224,Bdellovibrionota
HASV3,Bacteroidota
HASV27,Bacteroidota
HASV43,Bacteroidota
HASV119,Bacteroidota
HASV269,Bacteroidota
HASV397,Bacteroidota
HASV342,Bacteroidota
HASV626,Bacteroidota
HASV1026,Bacteroidota
HASV414,Bacteroidota
HASV493,Bacteroidota
HASV355,Bacteroidota
HASV544,Bacteroidota
HASV412,Bacteroidota
HASV952,Bacteroidota
HASV1010,Bacteroidota
HASV1078,Bacteroidota
HASV4113,Bacteroidota
HASV772,Bacteroidota
HASV4005,Bacteroidota
HASV4600,Bacteroidota
HASV556,Bacteroidota
HASV1103,Bacteroidota
HASV637,Bacteroidota
HASV959,Bacteroidota
HASV714,Bacteroidota
HASV4846,Bacteroidota
HASV1761,Bacteroidota
HASV1194,Bacteroidota
HASV3981,Bacteroidota
HASV1243,Bacteroidota
HASV4555,Bacteroidota
HASV4810,Bacteroidota
HASV1436,Bacteroidota
HASV4421,Bacteroidota
HASV4959,Bacteroidota
HASV5024,Bacteroidota
HASV5190,Bacteroidota
HASV5926,Bacteroidota
HASV966,Bacteroidota
HASV1811,Bacteroidota
HASV1375,Bacteroidota
HASV1658,Bacteroidota
HASV2019,Bacteroidota
HASV4801,Bacteroidota
HASV4823,Bacteroidota
HASV4852,Bacteroidota
HASV4968,Bacteroidota
HASV5017,Bacteroidota
HASV5038,Bacteroidota
HASV2068,Bacteroidota
HASV2159,Bacteroidota
HASV4813,Bacteroidota
HASV4848,Bacteroidota
HASV4895,Bacteroidota
HASV4998,Bacteroidota
HASV5010,Bacteroidota
HASV5036,Bacteroidota
HASV5189,Bacteroidota
HASV5689,Bacteroidota
HASV2094,Bacteroidota
HASV2681,Bacteroidota
HASV4482,Bacteroidota
HASV4792,Bacteroidota
HASV5108,Bacteroidota
HASV5110,Bacteroidota
HASV6769,Bacteroidota
HASV1485,Bacteroidota
HASV2489,Bacteroidota
HASV4065,Bacteroidota
HASV4531,Bacteroidota
HASV4805,Bacteroidota
HASV4806,Bacteroidota
HASV4812,Bacteroidota
HASV4815,Bacteroidota
HASV4845,Bacteroidota
HASV4853,Bacteroidota
HASV4860,Bacteroidota
HASV4872,Bacteroidota
HASV4941,Bacteroidota
HASV4955,Bacteroidota
HASV5109,Bacteroidota
HASV5269,Bacteroidota
HASV7895,Bacteroidota
HASV8059,Bacteroidota
HASV8328,Bacteroidota
HASV8580,Bacteroidota
MASV151,Bacteroidota
MASV520,Bacteroidota
MASV3551,Bacteroidota
MASV3858,Bacteroidota
MASV1734,Bacteroidota
MASV1204,Bacteroidota
MASV6545,Bacteroidota
MASV906,Bacteroidota
MASV3746,Bacteroidota
MASV1552,Bacteroidota
MASV2212,Bacteroidota
MASV1117,Bacteroidota
MASV9120,Bacteroidota
MASV22545,Bacteroidota
MASV1310,Bacteroidota
MASV5662,Bacteroidota
MASV5923,Bacteroidota
MAASV135,Bacteroidota
MAASV1132,Bacteroidota
MAASV401,Bacteroidota
MAASV2999,Bacteroidota
SASV135,Bacteroidota
SASV401,Bacteroidota
SASV695,Bacteroidota
SASV885,Bacteroidota
SASV981,Bacteroidota
SASV1550,Bacteroidota
SASV1524,Bacteroidota
SASV1981,Bacteroidota
SASV2204,Bacteroidota
HASV300,Actinobacteriota
HASV858,Actinobacteriota
HASV4858,Actinobacteriota
HASV4987,Actinobacteriota
HASV5418,Actinobacteriota
HASV4988,Actinobacteriota
HASV4230,Actinobacteriota
HASV5117,Actinobacteriota
HASV5143,Actinobacteriota
HASV5196,Actinobacteriota
HASV5281,Actinobacteriota
MASV598,Actinobacteriota
MASV3614,Actinobacteriota
MASV1699,Actinobacteriota
MASV5790,Actinobacteriota
MASV4539,Actinobacteriota
MAASV3,Actinobacteriota
MAASV6,Actinobacteriota
MAASV22,Actinobacteriota
MAASV39,Actinobacteriota
MAASV63,Actinobacteriota
MAASV96,Actinobacteriota
MAASV104,Actinobacteriota
MAASV101,Actinobacteriota
MAASV137,Actinobacteriota
MAASV141,Actinobacteriota
MAASV124,Actinobacteriota
MAASV142,Actinobacteriota
MAASV113,Actinobacteriota
MAASV176,Actinobacteriota
MAASV86,Actinobacteriota
MAASV117,Actinobacteriota
MAASV199,Actinobacteriota
MAASV45,Actinobacteriota
MAASV321,Actinobacteriota
MAASV260,Actinobacteriota
MAASV262,Actinobacteriota
MAASV222,Actinobacteriota
MAASV192,Actinobacteriota
MAASV105,Actinobacteriota
MAASV369,Actinobacteriota
MAASV353,Actinobacteriota
MAASV390,Actinobacteriota
MAASV404,Actinobacteriota
MAASV332,Actinobacteriota
MAASV380,Actinobacteriota
MAASV432,Actinobacteriota
MAASV388,Actinobacteriota
MAASV283,Actinobacteriota
MAASV239,Actinobacteriota
MAASV268,Actinobacteriota
MAASV351,Actinobacteriota
MAASV396,Actinobacteriota
MAASV379,Actinobacteriota
MAASV355,Actinobacteriota
MAASV494,Actinobacteriota
MAASV311,Actinobacteriota
MAASV371,Actinobacteriota
MAASV506,Actinobacteriota
MAASV429,Actinobacteriota
MAASV240,Actinobacteriota
MAASV334,Actinobacteriota
MAASV438,Actinobacteriota
MAASV469,Actinobacteriota
MAASV559,Actinobacteriota
MAASV394,Actinobacteriota
MAASV461,Actinobacteriota
MAASV671,Actinobacteriota
MAASV450,Actinobacteriota
MAASV509,Actinobacteriota
MAASV490,Actinobacteriota
MAASV722,Actinobacteriota
MAASV525,Actinobacteriota
MAASV735,Actinobacteriota
MAASV733,Actinobacteriota
MAASV749,Actinobacteriota
MAASV524,Actinobacteriota
MAASV775,Actinobacteriota
MAASV627,Actinobacteriota
MAASV406,Actinobacteriota
MAASV626,Actinobacteriota
MAASV788,Actinobacteriota
MAASV721,Actinobacteriota
MAASV808,Actinobacteriota
MAASV829,Actinobacteriota
MAASV510,Actinobacteriota
MAASV875,Actinobacteriota
MAASV503,Actinobacteriota
MAASV900,Actinobacteriota
MAASV934,Actinobacteriota
MAASV1005,Actinobacteriota
MAASV1039,Actinobacteriota
MAASV1069,Actinobacteriota
MAASV556,Actinobacteriota
MAASV1102,Actinobacteriota
MAASV1094,Actinobacteriota
MAASV729,Actinobacteriota
MAASV1107,Actinobacteriota
MAASV1095,Actinobacteriota
MAASV1091,Actinobacteriota
MAASV1136,Actinobacteriota
MAASV941,Actinobacteriota
MAASV1150,Actinobacteriota
MAASV543,Actinobacteriota
MAASV1149,Actinobacteriota
MAASV1188,Actinobacteriota
MAASV1328,Actinobacteriota
MAASV1323,Actinobacteriota
MAASV858,Actinobacteriota
MAASV1415,Actinobacteriota
MAASV888,Actinobacteriota
MAASV1427,Actinobacteriota
MAASV1422,Actinobacteriota
MAASV779,Actinobacteriota
MAASV991,Actinobacteriota
MAASV1565,Actinobacteriota
MAASV1597,Actinobacteriota
MAASV1596,Actinobacteriota
MAASV1564,Actinobacteriota
MAASV1611,Actinobacteriota
MAASV1713,Actinobacteriota
MAASV1705,Actinobacteriota
MAASV1753,Actinobacteriota
MAASV766,Actinobacteriota
MAASV1764,Actinobacteriota
MAASV1698,Actinobacteriota
MAASV1763,Actinobacteriota
MAASV1114,Actinobacteriota
MAASV1689,Actinobacteriota
MAASV1730,Actinobacteriota
MAASV1024,Actinobacteriota
MAASV1880,Actinobacteriota
MAASV1902,Actinobacteriota
MAASV1857,Actinobacteriota
MAASV1868,Actinobacteriota
MAASV1904,Actinobacteriota
MAASV2034,Actinobacteriota
MAASV1158,Actinobacteriota
MAASV2048,Actinobacteriota
MAASV2081,Actinobacteriota
MAASV2089,Actinobacteriota
MAASV2092,Actinobacteriota
MAASV2107,Actinobacteriota
MAASV2513,Actinobacteriota
MAASV2493,Actinobacteriota
MAASV2399,Actinobacteriota
MAASV2503,Actinobacteriota
MAASV2393,Actinobacteriota
MAASV2403,Actinobacteriota
MAASV2336,Actinobacteriota
MAASV2998,Actinobacteriota
MAASV3037,Actinobacteriota
MAASV2938,Actinobacteriota
MAASV2978,Actinobacteriota
MAASV3065,Actinobacteriota
MAASV2848,Actinobacteriota
MAASV2944,Actinobacteriota
MAASV2995,Actinobacteriota
MAASV3098,Actinobacteriota
MAASV2776,Actinobacteriota
MAASV2954,Actinobacteriota
SASV22,Actinobacteriota
SASV45,Actinobacteriota
SASV3,Actinobacteriota
SASV6,Actinobacteriota
SASV166,Actinobacteriota
SASV105,Actinobacteriota
SASV39,Actinobacteriota
SASV86,Actinobacteriota
SASV117,Actinobacteriota
SASV113,Actinobacteriota
SASV192,Actinobacteriota
SASV101,Actinobacteriota
SASV240,Actinobacteriota
SASV104,Actinobacteriota
SASV270,Actinobacteriota
SASV239,Actinobacteriota
SASV124,Actinobacteriota
SASV489,Actinobacteriota
SASV268,Actinobacteriota
SASV222,Actinobacteriota
SASV406,Actinobacteriota
SASV199,Actinobacteriota
SASV96,Actinobacteriota
SASV283,Actinobacteriota
SASV311,Actinobacteriota
SASV583,Actinobacteriota
SASV602,Actinobacteriota
SASV176,Actinobacteriota
SASV450,Actinobacteriota
SASV394,Actinobacteriota
SASV543,Actinobacteriota
SASV503,Actinobacteriota
SASV141,Actinobacteriota
SASV260,Actinobacteriota
SASV556,Actinobacteriota
SASV710,Actinobacteriota
SASV510,Actinobacteriota
SASV355,Actinobacteriota
SASV262,Actinobacteriota
SASV351,Actinobacteriota
SASV745,Actinobacteriota
SASV490,Actinobacteriota
SASV137,Actinobacteriota
SASV371,Actinobacteriota
SASV461,Actinobacteriota
SASV845,Actinobacteriota
SASV524,Actinobacteriota
SASV332,Actinobacteriota
SASV525,Actinobacteriota
SASV379,Actinobacteriota
SASV766,Actinobacteriota
SASV913,Actinobacteriota
SASV438,Actinobacteriota
SASV576,Actinobacteriota
SASV429,Actinobacteriota
SASV1031,Actinobacteriota
SASV396,Actinobacteriota
SASV779,Actinobacteriota
SASV729,Actinobacteriota
SASV1155,Actinobacteriota
SASV469,Actinobacteriota
SASV627,Actinobacteriota
SASV1227,Actinobacteriota
SASV1286,Actinobacteriota
SASV1024,Actinobacteriota
SASV888,Actinobacteriota
SASV1278,Actinobacteriota
SASV1291,Actinobacteriota
SASV858,Actinobacteriota
SASV1361,Actinobacteriota
SASV1373,Actinobacteriota
SASV1359,Actinobacteriota
SASV896,Actinobacteriota
SASV991,Actinobacteriota
SASV1435,Actinobacteriota
SASV388,Actinobacteriota
SASV1158,Actinobacteriota
SASV1626,Actinobacteriota
SASV1671,Actinobacteriota
SASV1640,Actinobacteriota
SASV1805,Actinobacteriota
SASV1941,Actinobacteriota
SASV721,Actinobacteriota
SASV642,Actinobacteriota
SASV941,Actinobacteriota
SASV1964,Actinobacteriota
SASV1939,Actinobacteriota
SASV1974,Actinobacteriota
SASV1967,Actinobacteriota
SASV2277,Actinobacteriota
SASV2728,Actinobacteriota
SASV2553,Actinobacteriota
SASV2729,Actinobacteriota
SASV2705,Actinobacteriota
SASV2677,Actinobacteriota
SASV2604,Actinobacteriota
SASV2686,Actinobacteriota
